resn,score,is epitope
A,0.05525717,False
D,0.037876688,False
P,0.033751424,False
L,0.04873232,False
P,0.082241766,False
L,0.039014194,False
P,0.033547763,False
E,0.106745414,False
V,0.015639892,False
Q,0.11244204,False
C,0.011927946,False
F,0.06521501,False
V,0.017313808,False
F,0.03864267,False
N,0.044501342,False
V,0.03869794,False
E,0.075552195,False
Y,0.1694029,False
M,0.02375754,False
N,0.040464446,False
C,0.008589248,False
T,0.053033344,False
W,0.030689651,False
N,0.048366524,False
S,0.031289183,False
S,0.09781952,False
S,0.12224725,False
E,0.06307431,False
P,0.16813442,False
Q,0.17632172,True
P,0.1572172,False
T,0.060431007,False
N,0.066844456,False
L,0.03490834,False
T,0.048794374,False
L,0.017164784,False
H,0.10993974,False
Y,0.07730114,False
W,0.19516021,True
Y,0.16323577,False
K,0.23314372,True
N,0.38823077,True
S,0.35127822,True
D,0.41254404,True
N,0.20945117,True
D,0.33522737,True
K,0.19361687,True
V,0.18983065,True
Q,0.17282431,False
K,0.10344077,False
C,0.049397577,False
S,0.13385797,False
H,0.1234125,False
Y,0.08497841,False
L,0.05311849,False
F,0.22206283,True
S,0.07632846,False
E,0.1595923,False
E,0.13568826,False
I,0.10187987,False
T,0.049982734,False
S,0.061298713,False
G,0.015819201,False
C,0.018606344,False
Q,0.040681086,False
L,0.015001179,False
Q,0.0911357,False
K,0.16228403,False
K,0.12554403,False
E,0.13870366,False
I,0.09784692,False
H,0.28426924,True
L,0.25455105,True
Y,0.48544532,True
Q,0.23298961,True
T,0.1320871,False
F,0.029888181,False
V,0.08376243,False
V,0.015885439,False
Q,0.07955346,False
L,0.012272103,False
Q,0.05791783,False
D,0.023388159,False
P,0.095692664,False
R,0.16520913,False
E,0.13663557,False
P,0.13269107,False
R,0.13402285,False
R,0.039147254,False
Q,0.08732022,False
A,0.060639568,False
T,0.12348243,False
Q,0.08152045,False
M,0.1986995,True
L,0.062495038,False
K,0.1907841,True
L,0.0641085,False
Q,0.14122595,False
N,0.12711035,False
L,0.07586017,False
V,0.018026898,False
I,0.021165486,False
P,0.016870037,False
W,0.08397425,False
A,0.0273901,False
P,0.016452203,False
E,0.04799845,False
N,0.05342228,False
L,0.008956533,False
T,0.04789445,False
L,0.017938148,False
H,0.08307437,False
K,0.05506395,False
L,0.1514044,False
S,0.10239682,False
E,0.22881782,True
S,0.13347968,False
Q,0.095533065,False
L,0.01948717,False
E,0.094195485,False
L,0.010858256,False
N,0.06481471,False
W,0.026124993,False
N,0.080059096,False
N,0.06141348,False
R,0.2356609,True
F,0.18450323,True
L,0.26510385,True
N,0.21334966,True
H,0.41293004,True
C,0.27923456,True
L,0.11532087,False
E,0.17955947,True
H,0.05458051,False
L,0.06639251,False
V,0.015275503,False
Q,0.06428653,False
Y,0.047748424,False
R,0.13498405,False
T,0.067665584,False
D,0.22493811,True
W,0.29683343,True
D,0.14353804,False
H,0.26560876,True
S,0.1095323,False
W,0.07168514,False
T,0.0679249,False
E,0.11025845,False
Q,0.08060431,False
S,0.18864468,True
V,0.03974744,False
D,0.10875514,False
Y,0.2183553,True
R,0.13039546,False
H,0.060221456,False
K,0.07477255,False
F,0.019940045,False
S,0.030455926,False
L,0.026781602,False
P,0.07215556,False
S,0.073975205,False
V,0.04047417,False
D,0.09224143,False
G,0.09691136,False
Q,0.19550419,True
K,0.15493494,False
R,0.15316461,False
Y,0.042982075,False
T,0.033912793,False
F,0.011260599,False
R,0.05743272,False
V,0.009236935,False
R,0.09484046,False
S,0.019522306,False
R,0.2024046,True
F,0.13962173,False
N,0.25044483,True
P,0.42513084,True
L,0.64749587,True
C,0.27369612,True
G,0.18754685,True
S,0.23368356,True
A,0.11531212,False
Q,0.25819755,True
H,0.19489576,True
W,0.14428891,False
S,0.019095805,False
E,0.13978495,False
W,0.08503946,False
S,0.0097776605,False
H,0.07394979,False
P,0.07499075,False
I,0.027309801,False
H,0.0765295,False
W,0.046962686,False
G,0.05176242,False
S,0.06160185,False
